cnpj;nome;nome_reduzido;tipo;uf;situacao;banco;agencia;conta
00102575000115;ASSOCIACAO DE PAIS E AMIGOS DOS EXCEPCIONAIS DE ABADIA DOS DOURADOS;APAE DE ABADIA DOS DOURADOS;apae;MG;;001;0539-8;110246-X
40188865000148;ASSOCIACAO DE PAIS E AMIGOS DOS EXCEPCIONAIS DE ACARAU;APAE DE ACARAU;apae;CE;;001;1010-3;41125-6
00952968000118;ASSOCIACAO DE PAIS E AMIGOS DOS EXCEPCIONAIS DE AGRESTINA;APAE DE AGRESTINA;apae;PE;;001;0196-1;19294-5
18261257000162;ASSOCIACAO DE PAIS E AMIGOS DOS EXCEPCIONAIS DE AGUAS BELAS;APAE DE AGUAS BELAS;apae;PE;;001;1012-X;31499-4
00832170000132;ASSOCIACAO DE PAIS E AMIGOS DOS EXCEPCIONAIS DE ALTA FLORESTA;APAE DE ALTA FLORESTA;apae;MT;;001;1177-0;60386-4
07666839000102;ASSOCIACAO DE PAIS E AMIGOS DOS EXCEPCIONAIS DE ALTINHO;APAE DE ALTINHO;apae;PE;;001;1421-4;15742-2
44409012000140;ASSOCIACAO DOS PAIS E AMIGOS DOS EXCEPCIONAIS DE ALTO ALEGRE;APAE DE ALTO ALEGRE;apae;RR;;104;4322;577498559-4
15943517000191;ASSOCIACAO DE PAIS E AMIGOS DOS EXCEPCIONAIS DE ALTO ARAGUAIA;APAE DE ALTO ARAGUAIA;apae;MT;;001;0512-6;23103-3
07851955000100;ASSOCIACAO DE PAIS E AMIGOS DOS EXCEPCIONAIS DE ALTO SANTO;APAE DE ALTO SANTO;apae;CE;;001;1074;30783
80884331000170;ASSOCIACAO DE PAIS E AMIGOS DOS EXCEPCIONAIS DE AMPERE;APAE DE AMPERE;apae;PR;;001;1434-6;27669-3
01520258000181;ASSOCIACAO DE PAIS E AMIGOS DOS EXCEPCIONAIS DE ANAHY;APAE DE ANAHY;apae;PR;;748;072-6;68993-9
03640682000195;ASSOCIACAO DE PAIS E AMIGOS DOS EXCEPCIONAIS DE ANANINDEUA;APAE DE ANANINDEUA;apae;PA;;001;1436-2;77000-0
07537944000141;ASSOCIACAO DE PAIS E AMIGOS DOS EXCEPCIONAIS DE APIACAS;APAE DE APIACAS;apae;MT;;748;0821;2344-8
48923248000150;ASSOCIACAO DE PAIS E AMIGOS DOS EXCEPCIONAIS DE ARACAGI;APAE DE ARACAGI;apae;PB;;001;1455-9;16175-6
18575647000107;ASSOCIACAO DE PAIS E AMIGOS DOS EXCEPCIONAIS DE ARAGUARI;APAE DE ARAGUARI;apae;MG;;756;4264;24926-2
16739798000128;ASSOCIACAO DE PAIS E AMIGOS DOS EXCEPCIONAIS DE ARAPIRACA;APAE DE ARAPIRACA;apae;AL;;104;0056-0;578590515-5
00887340000186;ASSOCIACAO DE PAIS E AMIGOS DOS EXCEPCIONAIS DE ARAPORA;APAE DE ARAPORA;apae;MG;;001;1043-X;18071-8
24988529000123;ASSOCIACAO DE PAIS E AMIGOS DOS EXCEPCIONAIS DE ARAPUTANGA;APAE DE ARAPUTANGA;apae;MT;;748;080-5;11079-2
17805524000152;ASSOCIACAO DE PAIS E AMIGOS DOS EXCEPCIONAIS DE ARAXA;APAE DE ARAXA;apae;MG;;001;0210-0;67952-6
05618674000178;ASSOCIACAO DE PAIS E AMIGOS DOS EXCEPCIONAIS DE AREIA;APAE DE AREIA;apae;PB;;001;0293-3;9897-3
05944126000138;ASSOCIACAO DE PAIS E AMIGOS DOS EXCEPCIONAIS DE ARIPUANA;APAE DE ARIPUANA;apae;MT;;001;1471-1;12021-9
08864727000129;ASSOCIACAO DE PAIS E AMIGOS DOS EXCEPCIONAIS DE AROEIRAS;APAE DE AROEIRAS;apae;PB;;001;1019-7;11297-6
76335124000190;ASSOCIACAO DE PAIS E AMIGOS DOS EXCEPCIONAIS DE ASSIS CHATEAUBRIAND;APAE DE ASSIS CHATEAUBRIAND;apae;PR;;001;8551-0;636-X
02568257000170;ASSOCIACAO DE PAIS E AMIGOS DOS EXCEPCIONAIS DE ASSU;APAE DE ASSU;apae;RN;;001;0214-3;50465-3
07195764000129;ASSOCIACAO DE PAIS E AMIGOS DOS EXCEPCIONAIS DE AUTAZES;APAE DE AUTAZES;apae;AM;;001;7130-7;12137-1
22941553000181;ASSOCIACAO DE PAIS E AMIGOS DOS EXCEPCIONAIS DE BARCARENA;APAE DE BARCARENA;apae;PA;;001;3500-9;15040-1
15585299000160;ASSOCIACAO DE PAIS E AMIGOS DOS EXCEPCIONAIS DE BARRA DE GUABIRABA;APAE DE BARRA DE GUABIRABA;apae;PE;;001;834-6;27929-3
15051378000191;ASSOCIACAO DE PAIS E AMIGOS DOS EXCEPCIONAIS DE BARRA DO GARCAS;APAE DE BARRA DO GARCAS;apae;MT;;748;0806;29704-5
50975710000105;ASSOCIACAO DE PAIS E AMIGOS DOS EXCEPCIONAIS DE BARREIROS;APAE DE BARREIROS;apae;PE;;001;0710-2;41300-3
04918920000144;ASSOCIACAO DE PAIS E AMIGOS DOS EXCEPCIONAIS DE BELA CRUZ;APAE DE BELA CRUZ;apae;CE;;001;2851-7;23359-5
04975561000167;ASSOCIACAO DE PAIS E AMIGOS DOS EXCEPCIONAIS DE BELEM;APAE DE BELEM;apae;PA;;001;1686-1;32841-3
17710805000121;ASSOCIACAO DE PAIS E AMIGOS DOS EXCEPCIONAIS DE BELEM DE MARIA;APAE DE BELEM DE MARIA;apae;PE;;001;2855-0;13769-3
15070641000190;ASSOCIACAO DE PAIS E AMIGOS DOS EXCEPCIONAIS DE BEZERROS;APAE DE BEZERROS;apae;PE;;104;2192-0;738994974-1
26037474000100;ASSOCIACAO DE PAIS E AMIGOS DOS EXCEPCIONAIS DE BOA VISTA;APAE DE BOA VISTA;apae;RR;;748;0812;91576-8
01074438000187;ASSOCIACAO DE PAIS E AMIGOS DOS EXCEPCIONAIS DE BOA VISTA DA APARECIDA;APAE DE BOA VISTA DA APARECIDA;apae;PR;;001;0531-2;181181-9
24444388000188;ASSOCIACAO DE PAIS E AMIGOS DOS EXCEPCIONAIS DE BOCA DO ACRE;APAE DE BOCA DO ACRE;apae;AM;;001;0814-1;16765-7
30944900000158;ASSOCIACAO DE PAIS E AMIGOS DOS EXCEPCIONAIS DE BONITO;APAE DE BONITO;apae;PE;;001;0834-6;39670-2
04223960000171;ASSOCIACAO DE PAIS E AMIGOS DOS EXCEPCIONAIS DE BOQUEIRAO;APAE DE BOQUEIRAO;apae;PB;;001;1654-3;20000-X
34603407000125;ASSOCIACAO DE PAIS E AMIGOS DOS EXCEPCIONAIS DE BRAGANCA;APAE DE BRAGANCA;apae;PA;;001;0253;3486-X
08039825000121;ASSOCIACAO DE PAIS E AMIGOS DOS EXCEPCIONAIS DE BRASNORTE;APAE DE BRASNORTE;apae;MT;;748;0821;19509-1
05455514000155;ASSOCIACAO DE PAIS E AMIGOS DOS EXCEPCIONAIS DE BREJO SANTO;APAE DE BREJO SANTO;apae;CE;;237;688-2;1013-8
33308250000142;ASSOCIACAO DE PAIS E AMIGOS DOS EXCEPCIONAIS DE BREVES;APAE DE BREVES;apae;PA;;104;3194;577522601-8
14828328000105;ASSOCIACAO DE PAIS E AMIGOS DOS EXCEPCIONAIS DE BUIQUE;APAE DE BUIQUE;apae;PE;;001;4119-0;188822-0
03550100000180;ASSOCIACAO DE PAIS E AMIGOS DOS EXCEPCIONAIS DE CACERES;APAE DE CACERES;apae;MT;;001;184;46073-7
13307369000193;ASSOCIACAO DE PAIS E AMIGOS DOS EXCEPCIONAIS DE CACHOEIRINHA;APAE DE CACHOEIRINHA;apae;PE;;237;6040;875317
06958066000175;ASSOCIACAO DE PAIS E AMIGOS DOS EXCEPCIONAIS DE CACIMBA DE DENTRO;APAE DE CACIMBA DE DENTRO;apae;PB;;104;0038;62801-7
02446973000184;ASSOCIACAO DE PAIS E AMIGOS DOS EXCEPCIONAIS DE CAETITE;APAE DE CAETITE;apae;BA;;001;0230-5;42471-4
04870500000135;ASSOCIACAO DE PAIS E AMIGOS DOS EXCEPCIONAIS DE CAJAZEIRAS;APAE DE CAJAZEIRAS;apae;PB;;001;099-X;36398-7
33832239000187;ASSOCIACAO DE PAIS E AMIGOS DOS EXCEPCIONAIS DE CAMACARI;APAE DE CAMACARI;apae;BA;;237;3579-0;413-8
70097894000165;ASSOCIACAO DE PAIS E AMIGOS DOS EXCEPCIONAIS DE CAMPINA GRANDE;APAE DE CAMPINA GRANDE;apae;PB;;001;0063-9;690000-3
86820313000101;ASSOCIACAO DE PAIS E AMIGOS DOS EXCEPCIONAIS DE CAMPINA VERDE;APAE DE CAMPINA VERDE;apae;MG;;001;0691-2;15330-3
81270316000103;ASSOCIACAO DE PAIS E AMIGOS DOS EXCEPCIONAIS DE CAMPO BONITO;APAE DE CAMPO BONITO;apae;PR;;001;1350-1;25948-9
01657456000191;ASSOCIACAO DE PAIS E AMIGOS DOS EXCEPCIONAIS DE CAMPO NOVO DO PARECIS;APAE DE CAMPO NOVO DO PARECIS;apae;MT;;001;3036-8;38792-4
00062712000135;ASSOCIACAO DE PAIS E AMIGOS DOS EXCEPCIONAIS DE CAMPO VERDE;APAE DE CAMPO VERDE;apae;MT;;748;0802;21134-8
08471924000188;ASSOCIACAO DE PAIS E AMIGOS DOS EXCEPCIONAIS DE CAMPOS DE JULIO;APAE DE CAMPOS DE JULIO;apae;MT;;748;0804;07653-8
22643808000120;ASSOCIACAO DE PAIS E AMIGOS DOS EXCEPCIONAIS DE CANAA DOS CARAJAS;APAE DE CANAA DOS CARAJAS;apae;PA;;001;4153-X;30875-7
02254285000112;ASSOCIACAO DE PAIS E AMIGOS DOS EXCEPCIONAIS DE CANAPOLIS;APAE DE CANAPOLIS;apae;MG;;001;1502-4;15698-1
02030068000149;ASSOCIACAO DE PAIS E AMIGOS DOS EXCEPCIONAIS DE CANARANA;APAE DE CANARANA;apae;MT;;001;1319-6;27082-2
05030889000173;ASSOCIACAO DE PAIS E AMIGOS DOS EXCEPCIONAIS DE CANINDE;APAE DE CANINDE;apae;CE;;104;074-0;739122351-5
34921817000114;ASSOCIACAO DE PAIS E AMIGOS DOS EXCEPCIONAIS DE CAPANEMA;APAE DE CAPANEMA;apae;PA;;001;1735-3;45922-4
80883002000105;ASSOCIACAO DE PAIS E AMIGOS DOS EXCEPCIONAIS DE CAPANEMA;APAE DE CAPANEMA;apae;PR;;001;0907-5;34109-6
10757933000181;ASSOCIACAO DE PAIS E AMIGOS DOS EXCEPCIONAIS DE CAPELA;APAE DE CAPELA;apae;AL;;104;2045;739033594-8
02319426000138;ASSOCIACAO DE PAIS E AMIGOS DOS EXCEPCIONAIS DE CAPINOPOLIS;APAE DE CAPINOPOLIS;apae;MG;;104;3651-3;577515277-4
00614178000122;ASSOCIACAO DE PAIS E AMIGOS DOS EXCEPCIONAIS DE CAPITAO LEONIDAS MARQUES;APAE DE CAPITAO LEONIDAS MARQUES;apae;PR;;001;4727-9;13536-4
43014855000184;ASSOCIACAO DE PAIS E AMIGOS DOS EXCEPCIONAIS DE CAPIXABA;APAE DE CAPIXABA;apae;AC;;104;3706;577514449-6
78603925000114;ASSOCIACAO DE PAIS E AMIGOS DOS EXCEPCIONAIS DE CARAMBEI;APAE DE CARAMBEI;apae;PR;;001;3048-1;10664-X
01058667000108;ASSOCIACAO DE PAIS E AMIGOS DOS EXCEPCIONAIS DE CAREIRO;APAE DE CAREIRO;apae;AM;;104;4563-2;577850923-1
03231015000159;ASSOCIACAO DE PAIS E AMIGOS DOS EXCEPCIONAIS DE CARLINDA;APAE DE CARLINDA;apae;MT;;748;0818;78385-7
20726006000158;ASSOCIACAO DE PAIS E AMIGOS DOS EXCEPCIONAIS DE CARMO DO PARANAIBA;APAE DE CARMO DO PARANAIBA;apae;MG;;001;8681-9;684-0
20595230000158;ASSOCIACAO DE PAIS E AMIGOS DOS EXCEPCIONAIS DE CARUARU;APAE DE CARUARU;apae;PE;;001;5742-8;11541-X
05111398000157;ASSOCIACAO DE PAIS E AMIGOS DOS EXCEPCIONAIS DE CASTANHAL;APAE DE CASTANHAL;apae;PA;;001;0708-0;56559-8
75638437000154;ASSOCIACAO DE PAIS E AMIGOS DOS EXCEPCIONAIS DE CASTRO;APAE DE CASTRO;apae;PR;;001;485-5;28469-6
06742803000106;ASSOCIACAO DE PAIS E AMIGOS DOS EXCEPCIONAIS DE CEDRO;APAE DE CEDRO;apae;CE;;001;1293-9;16606-5
23094329000164;ASSOCIACAO DE PAIS E AMIGOS DOS EXCEPCIONAIS DE CENTRALINA;APAE DE CENTRALINA;apae;MG;;756;4264;127915-7
77293355000140;ASSOCIACAO DE PAIS E AMIGOS DOS EXCEPCIONAIS DE CEU AZUL;APAE DE CEU AZUL;apae;PR;;001;1770-1;17155-7
10957071000130;ASSOCIACAO DE PAIS E AMIGOS DOS EXCEPCIONAIS DE CHAVAL;APAE DE CHAVAL;apae;CE;;001;3971-3;11288-7
80871361000142;ASSOCIACAO DE PAIS E AMIGOS DOS EXCEPCIONAIS DE CHOPINZINHO;APAE DE CHOPINZINHO;apae;PR;;001;0842-7;34664-0
01301167000155;ASSOCIACAO DE PAIS E AMIGOS DOS EXCEPCIONAIS DE COLIDER;APAE DE COLIDER;apae;MT;;001;1779-5;41171-X
02726761000150;ASSOCIACAO DE PAIS E AMIGOS DOS EXCEPCIONAIS DE COLMEIA;APAE DE COLMEIA;apae;TO;;001;1306-4;25993-4
12647998000108;ASSOCIACAO DE PAIS E AMIGOS DOS EXCEPCIONAIS DE COLNIZA;APAE DE COLNIZA;apae;MT;;756;3271;82195-0
04583879000100;ASSOCIACAO DE PAIS E AMIGOS DOS EXCEPCIONAIS DE COMODORO;APAE DE COMODORO;apae;MT;;001;1272-6;20056-5
17769407000180;ASSOCIACAO DE PAIS E AMIGOS DOS EXCEPCIONAIS DE CONCEICAO DAS ALAGOAS;APAE DE CONCEICAO DAS ALAGOAS;apae;MG;;756;4264-9;000074855-2
36573764000113;ASSOCIACAO DE PAIS E AMIGOS DOS EXCEPCIONAIS DE CONCEICAO DE MACABU;APAE DE CONCEICAO DE MACABU;apae;RJ;;479;6129;01075-4
01131133000160;ASSOCIACAO DE PAIS E AMIGOS DOS EXCEPCIONAIS DE CONCEICAO DO ARAGUAIA;APAE DE CONCEICAO DO ARAGUAIA;apae;PA;;748;0804;26518-5
21961618000198;ASSOCIACAO DE PAIS E AMIGOS DOS EXCEPCIONAIS DE CONFRESA;APAE DE CONFRESA;apae;MT;;748;0806;81178-5
08083742000130;ASSOCIACAO DE PAIS E AMIGOS DOS EXCEPCIONAIS DE CONQUISTA;APAE DE CONQUISTA;apae;MG;;748;35005-5;3188
80881345000130;ASSOCIACAO DE PAIS E AMIGOS DOS EXCEPCIONAIS DE CORBELIA;APAE DE CORBELIA;apae;PR;;001;1797-3;22981-4
22238505000121;ASSOCIACAO DE PAIS E AMIGOS DOS EXCEPCIONAIS DE COROMANDEL;APAE DE COROMANDEL;apae;MG;;104;1697;2421-8
80870397000101;ASSOCIACAO DE PAIS E AMIGOS DOS EXCEPCIONAIS DE CORONEL VIVIDA;APAE DE CORONEL VIVIDA;apae;PR;;001;2008-7;33781-1
07388465000100;ASSOCIACAO DE PAIS E AMIGOS DOS EXCEPCIONAIS DE CRATO;APAE DE CRATO;apae;CE;;001;0094-9;43803-0
04926760000185;ASSOCIACAO DE PAIS E AMIGOS DOS EXCEPCIONAIS DE CRUZEIRO DA FORTALEZA;APAE DE CRUZEIRO DA FORTALEZA;apae;MG;;001;1067-7;17475-0
01949095000157;ASSOCIACAO DE PAIS E AMIGOS DOS EXCEPCIONAIS DE CRUZEIRO DO SUL;APAE DE CRUZEIRO DO SUL;apae;AC;;001;0234-8;21875-8
03488590000131;ASSOCIACAO DE PAIS E AMIGOS DOS EXCEPCIONAIS DE CUIABA;APAE DE CUIABA;apae;MT;;001;0046-9;0000037254-4
11492609000141;ASSOCIACAO DE PAIS E AMIGOS DOS EXCEPCIONAIS DE CUPIRA;APAE DE CUPIRA;apae;PE;;001;1052-9;30326-7
12437281000123;ASSOCIACAO DE PAIS E AMIGOS DOS EXCEPCIONAIS DE DELMIRO GOUVEIA;APAE DE DELMIRO GOUVEIA;apae;AL;;104;1135-5;577561111-6
04052873000107;ASSOCIACAO DE PAIS E AMIGOS DOS EXCEPCIONAIS DE DENISE;APAE DE DENISE;apae;MT;;001;3669-2;13194-6
05236276000197;ASSOCIACAO DE PAIS E AMIGOS DOS EXCEPCIONAIS DE DEPUTADO IRAPUAN PINHEIRO;APAE DE DEPUTADO IRAPUAN PINHEIRO;apae;CE;;104;3838;23927-1
78677093000180;ASSOCIACAO DE PAIS E AMIGOS DOS EXCEPCIONAIS DE DOIS VIZINHOS;APAE DE DOIS VIZINHOS;apae;PR;;001;0919-9;43101-X
07396687000175;ASSOCIACAO DE PAIS E AMIGOS DOS EXCEPCIONAIS DE ELDORADO DOS CARAJAS;APAE DE ELDORADO DOS CARAJAS;apae;PA;;001;4140-8;17114-X
55497015000107;ASSOCIACAO DE PAIS E AMIGOS DOS EXCEPCIONAIS DE EPITACIOLANDIA;APAE DE EPITACIOLANDIA;apae;AC;;001;3952-7;24917-3
01180414000102;ASSOCIACAO DE PAIS E AMIGOS DOS EXCEPCIONAIS DE ESPERANCA;APAE DE ESPERANCA;apae;PB;;001;2047-8;18422-5
73874638000125;ASSOCIACAO DE PAIS E AMIGOS DOS EXCEPCIONAIS DE ESTRELA DO SUL;APAE DE ESTRELA DO SUL;apae;MG;;001;04472;711675
13609771000122;ASSOCIACAO DE PAIS E AMIGOS DOS EXCEPCIONAIS DE FEIRA DE SANTANA;APAE DE FEIRA DE SANTANA;apae;BA;;237;03516-0;0000917-2
08966929000181;ASSOCIACAO DE PAIS E AMIGOS DOS EXCEPCIONAIS DE FELIZ NATAL;APAE DE FELIZ NATAL;apae;MT;;748;0812;02398-1
03156059000161;ASSOCIACAO DE PAIS E AMIGOS DOS EXCEPCIONAIS DE FLORESTA DO ARAGUAIA;APAE DE FLORESTA DO ARAGUAIA;apae;PA;;037;0103-1;0004814860-1
36969560000104;ASSOCIACAO DE PAIS E AMIGOS DOS EXCEPCIONAIS DE FORMOSA DO RIO PRETO;APAE DE FORMOSA DO RIO PRETO;apae;BA;;004;092;035587-8
05451763000172;ASSOCIACAO DE PAIS E AMIGOS DOS EXCEPCIONAIS DE FORQUILHA;APAE DE FORQUILHA;apae;CE;;001;3919-5;30353-4
07143845000185;ASSOCIACAO DE PAIS E AMIGOS DOS EXCEPCIONAIS DE FORTALEZA;APAE DE FORTALEZA;apae;CE;;237;00741;0023063-4
20043493000154;ASSOCIACAO DE PAIS E AMIGOS DOS EXCEPCIONAIS DE FRUTAL;APAE DE FRUTAL;apae;MG;;001;0422-7;40428-4
10136752000138;ASSOCIACAO DE PAIS E AMIGOS DOS EXCEPCIONAIS DE GARANHUNS;APAE DE GARANHUNS;apae;PE;;001;0067-1;13612-3
01774125000131;ASSOCIACAO DE PAIS E AMIGOS DOS EXCEPCIONAIS DE GOVERNADOR MANGABEIRA;APAE DE GOVERNADOR MANGABEIRA;apae;BA;;001;2085-0;1024-3
06888134000177;ASSOCIACAO DE PAIS E AMIGOS DOS EXCEPCIONAIS DE GUAIUBA;APAE DE GUAIUBA;apae;CE;;001;3967-5;16823-8
05487065000127;ASSOCIACAO DE PAIS E AMIGOS DOS EXCEPCIONAIS DE GUAMIRANGA;APAE DE GUAMIRANGA;apae;PR;;748;071-9;13684-4
77881217000182;ASSOCIACAO DE PAIS E AMIGOS DOS EXCEPCIONAIS DE GUARANIACU;APAE DE GUARANIACU;apae;PR;;001;1350-1;23299-8
26511253000113;ASSOCIACAO DE PAIS E AMIGOS DOS EXCEPCIONAIS DE GUARANTA DO NORTE;APAE DE GUARANTA DO NORTE;apae;MT;;001;1589-X;27879-3
02540930000163;ASSOCIACAO DE PAIS E AMIGOS DOS EXCEPCIONAIS DE GUARATINGA;APAE DE GUARATINGA;apae;BA;;001;2099-0;9181-2
00305936000120;ASSOCIACAO DE PAIS E AMIGOS DOS EXCEPCIONAIS DE GUIMARANIA;APAE DE GUIMARANIA;apae;MG;;001;1067-7;19028-4
01823745000113;ASSOCIACAO DE PAIS E AMIGOS DOS EXCEPCIONAIS DE ICO;APAE DE ICO;apae;CE;;104;1960;1515-3
05967762000185;ASSOCIACAO DE PAIS E AMIGOS DOS EXCEPCIONAIS DE IGARAPE-­MIRI;APAE DE IGARAPE-­MIRI;apae;PA;;001;4414-8;8162-0
03530341000167;ASSOCIACAO DE PAIS E AMIGOS DOS EXCEPCIONAIS DE IGUATU;APAE DE IGUATU;apae;CE;;001;0122-8;47528-9
05079318000123;ASSOCIACAO DE PAIS E AMIGOS DOS EXCEPCIONAIS DE INDEPENDENCIA;APAE DE INDEPENDENCIA;apae;CE;;001;1071-5;20679-2
04555188000195;ASSOCIACAO DE PAIS E AMIGOS DOS EXCEPCIONAIS DE IPIAU;APAE DE IPIAU;apae;BA;;001;0357-3;30180-9
02945180000100;ASSOCIACAO DE PAIS E AMIGOS DOS EXCEPCIONAIS DE IRACEMA;APAE DE IRACEMA;apae;CE;;001;1074-X;24266-7
02061266000170;ASSOCIACAO DE PAIS E AMIGOS DOS EXCEPCIONAIS DE IRAI DE MINAS;APAE DE IRAI DE MINAS;apae;MG;;001;1461-3;15636-1
07813214000126;ASSOCIACAO DE PAIS E AMIGOS DOS EXCEPCIONAIS DE IRANDUBA;APAE DE IRANDUBA;apae;AM;;104;4566;577495621-7
42717066000147;ASSOCIACAO DE PAIS E AMIGOS DOS EXCEPCIONAIS DE ITABELA;APAE DE ITABELA;apae;BA;;001;4493-8;000015022-3
04616298000110;ASSOCIACAO DE PAIS E AMIGOS DOS EXCEPCIONAIS DE ITACOATIARA;APAE DE ITACOATIARA;apae;AM;;237;3704-5;4509-8
42703108000190;ASSOCIACAO DE PAIS E AMIGOS DOS EXCEPCIONAIS DE ITANHEM;APAE DE ITANHEM;apae;BA;;001;0851-6;20979-1
14392781000111;ASSOCIACAO DE PAIS E AMIGOS DOS EXCEPCIONAIS DE ITAPETINGA;APAE DE ITAPETINGA;apae;BA;;001;0417-0;2019-2
32945099000190;ASSOCIACAO DE PAIS E AMIGOS DOS EXCEPCIONAIS DE ITAUBA;APAE DE ITAUBA;apae;MT;;001;4137-8;6224-3
19952902000156;ASSOCIACAO DE PAIS E AMIGOS DOS EXCEPCIONAIS DE ITUIUTABA;APAE DE ITUIUTABA;apae;MG;;756;3133-0;125123-6
09367430000110;ASSOCIACAO DE PAIS E AMIGOS DOS EXCEPCIONAIS DE ITUPIRANGA;APAE DE ITUPIRANGA;apae;PA;;001;4533-0;21792-1
23368145000145;ASSOCIACAO DE PAIS E AMIGOS DOS EXCEPCIONAIS DE ITURAMA;APAE DE ITURAMA;apae;MG;;001;0853-2;30961-3
16256083000114;ASSOCIACAO DE PAIS E AMIGOS DOS EXCEPCIONAIS DE JACOBINA;APAE DE JACOBINA;apae;BA;;001;0135-X;17457-2
36488836000124;ASSOCIACAO DE PAIS E AMIGOS DOS EXCEPCIONAIS DE JACUNDA;APAE DE JACUNDA;apae;PA;;001;4410-5;18022-0
09480024000160;ASSOCIACAO DE PAIS E AMIGOS DOS EXCEPCIONAIS DE JAGUARIBE;APAE DE JAGUARIBE;apae;CE;;104;0749;00000178-0
43646993000186;ASSOCIACAO DE PAIS E AMIGOS DOS EXCEPCIONAIS DE JARDIM;APAE DE JARDIM;apae;CE;;001;2208-X;31578-8
01524075000134;ASSOCIACAO DE PAIS E AMIGOS DOS EXCEPCIONAIS DE JAURU;APAE DE JAURU;apae;MT;;748;0805;62771-2
14636260000162;ASSOCIACAO DE PAIS E AMIGOS DOS EXCEPCIONAIS DE JEQUIE;APAE DE JEQUIE;apae;BA;;001;7124-2;5573-5
46188646000145;ASSOCIACAO DE PAIS E AMIGOS DOS EXCEPCIONAIS DE JIJOCA DE JERICOACOARA;APAE DE JIJOCA DE JERICOACOARA;apae;CE;;403;0001;3123364-8
08299133000112;ASSOCIACAO DE PAIS E AMIGOS DOS EXCEPCIONAIS DE JOAO PESSOA;APAE DE JOAO PESSOA;apae;PB;;001;0011-6;33001-9
16252694000194;ASSOCIACAO DE PAIS E AMIGOS DOS EXCEPCIONAIS DE JUAZEIRO;APAE DE JUAZEIRO;apae;BA;;001;0069-8;83063-1
07670367000161;ASSOCIACAO DE PAIS E AMIGOS DOS EXCEPCIONAIS DE JUAZEIRO DO NORTE;APAE DE JUAZEIRO DO NORTE;apae;CE;;001;1598-9;40626-0
33056109000108;ASSOCIACAO DE PAIS E AMIGOS DOS EXCEPCIONAIS DE LABREA;APAE DE LABREA;apae;AM;;001;3317-0;13627-7
05679059000171;ASSOCIACAO DE PAIS E AMIGOS DOS EXCEPCIONAIS DE LAGOA DA CONFUSAO;APAE DE LAGOA DA CONFUSAO;apae;TO;;748;0911;84901-8
23114937000193;ASSOCIACAO DE PAIS E AMIGOS DOS EXCEPCIONAIS DE LAGOA FORMOSA;APAE DE LAGOA FORMOSA;apae;MG;;001;2237-3;17040-2
04613144000174;ASSOCIACAO DE PAIS E AMIGOS DOS EXCEPCIONAIS DE LARANJAL;APAE DE LARANJAL;apae;PR;;001;1353-6;25618-8
01808827000199;ASSOCIACAO DE PAIS E AMIGOS DOS EXCEPCIONAIS DE LIMEIRA DO OESTE;APAE DE LIMEIRA DO OESTE;apae;MG;;756;3256-2;20859-0
04562848000165;ASSOCIACAO DE PAIS E AMIGOS DOS EXCEPCIONAIS DE LIMOEIRO DO NORTE;APAE DE LIMOEIRO DO NORTE;apae;CE;;104;0750-5;730853675-1
00572863000133;ASSOCIACAO DE PAIS E AMIGOS DOS EXCEPCIONAIS DE LINDOESTE;APAE DE LINDOESTE;apae;PR;;001;3508-4;61406-8
00066207000169;ASSOCIACAO DE PAIS E AMIGOS DOS EXCEPCIONAIS DE LUCAS DO RIO VERDE;APAE DE LUCAS DO RIO VERDE;apae;MT;;001;3196-8;22222-4
05898222000197;ASSOCIACAO DE PAIS E AMIGOS DOS EXCEPCIONAIS DE LUIS EDUARDO MAGALHAES;APAE DE LUIS EDUARDO MAGALHAES;apae;BA;;001;2997-1;46104-0
12641072000105;ASSOCIACAO DE PAIS E AMIGOS DOS EXCEPCIONAIS DE MACAIBA;APAE DE MACAIBA;apae;RN;;001;2256-X;106100-3
03644738000180;ASSOCIACAO DE PAIS E AMIGOS DOS EXCEPCIONAIS DE MADRE DE DEUS;APAE DE MADRE DE DEUS;apae;BA;;036;3016-3;0114502-9
06089315000133;ASSOCIACAO DE PAIS E AMIGOS DOS EXCEPCIONAIS DE MAMANGUAPE;APAE DE MAMANGUAPE;apae;PB;;001;944-X;18084-X
01619799000161;ASSOCIACAO DE PAIS E AMIGOS DOS EXCEPCIONAIS DE MANACAPURU;APAE DE MANACAPURU;apae;AM;;237;3707-9;0013623-9
52901104000170;ASSOCIACAO DE PAIS E AMIGOS DOS EXCEPCIONAIS DE MANOEL URBANO;APAE DE MANOEL URBANO;apae;AC;;104;3275;578000963-1
01711946000129;ASSOCIACAO DE PAIS E AMIGOS DOS EXCEPCIONAIS DE MARABA;APAE DE MARABA;apae;PA;;748;0804;66939-7
35003680000181;ASSOCIACAO DE PAIS E AMIGOS DOS EXCEPCIONAIS DE MARACANAU;APAE DE MARACANAU;apae;CE;;001;2879-7;14881-4
28786347000120;ASSOCIACAO DE PAIS E AMIGOS DOS EXCEPCIONAIS DE MARAGOGI;APAE DE MARAGOGI;apae;AL;;104;3544;1038-4
13899595000100;ASSOCIACAO DE PAIS E AMIGOS DOS EXCEPCIONAIS DE MARAGOGIPE;APAE DE MARAGOGIPE;apae;BA;;104;4450-3;825-0
01623817000189;ASSOCIACAO DE PAIS E AMIGOS DOS EXCEPCIONAIS DE MARANGUAPE;APAE DE MARANGUAPE;apae;CE;;104;0751-2;2900-7
76290287000101;ASSOCIACAO DE PAIS E AMIGOS DOS EXCEPCIONAIS DE MARECHAL CANDIDO RONDON;APAE DE MARECHAL CANDIDO RONDON;apae;PR;;001;0859-1;303-1
01029852000174;ASSOCIACAO DE PAIS E AMIGOS DOS EXCEPCIONAIS DE MARI;APAE DE MARI;apae;PB;;001;2275-6;19229-5
14474564000170;ASSOCIACAO DE PAIS E AMIGOS DOS EXCEPCIONAIS DE MARIBONDO;APAE DE MARIBONDO;apae;AL;;104;2046;1458-4
11119845000117;ASSOCIACAO DE PAIS E AMIGOS DOS EXCEPCIONAIS DE MARITUBA;APAE DE MARITUBA;apae;PA;;104;3200-3;2880-0
00778242000100;ASSOCIACAO DE PAIS E AMIGOS DOS EXCEPCIONAIS DE MATUPA;APAE DE MATUPA;apae;MT;;001;3931-4;20321-1
33164352000131;ASSOCIACAO DE PAIS E AMIGOS DOS EXCEPCIONAIS DE MERUOCA;APAE DE MERUOCA;apae;CE;;001;4052-5;14716-8
01138241000164;ASSOCIACAO DE PAIS E AMIGOS DOS EXCEPCIONAIS DE MIRANDIBA;APAE DE MIRANDIBA;apae;PE;;001;2304-3;9632-6
01364306000190;ASSOCIACAO DE PAIS E AMIGOS DOS EXCEPCIONAIS DE MIRASSOL D OESTE;APAE DE MIRASSOL D OESTE;apae;MT;;001;7139-0;12063-4
78101763000116;ASSOCIACAO DE PAIS E AMIGOS DOS EXCEPCIONAIS DE MISSAL;APAE DE MISSAL;apae;PR;;748;0710-0;91199-3
01775769000144;ASSOCIACAO DE PAIS E AMIGOS DOS EXCEPCIONAIS DE MOJU;APAE DE MOJU;apae;PA;;001;2313-2;35420-1
05620098000101;ASSOCIACAO DE PAIS E AMIGOS DOS EXCEPCIONAIS DE MOMBACA;APAE DE MOMBACA;apae;CE;;237;0720-0;00010799-9
97435507000100;ASSOCIACAO DE PAIS E AMIGOS DOS EXCEPCIONAIS DE MONTE ALEGRE DE MINAS;APAE DE MONTE ALEGRE DE MINAS;apae;MG;;756;3155-0;27161-6
21288626000115;ASSOCIACAO DE PAIS E AMIGOS DOS EXCEPCIONAIS DE MONTE CARMELO;APAE DE MONTE CARMELO;apae;MG;;001;366-2;27027-X
40514630000107;ASSOCIACAO DE PAIS E AMIGOS DOS EXCEPCIONAIS DE MURITIBA;APAE DE MURITIBA;apae;BA;;063;3533-5;253-4
00880385000129;ASSOCIACAO DE PAIS E AMIGOS DOS EXCEPCIONAIS DE NOSSA SENHORA DO LIVRAMENTO;APAE DE NOSSA SENHORA DO LIVRAMENTO;apae;MT;;001;2764-2;72463-7
07918670000130;ASSOCIACAO DE PAIS E AMIGOS DOS EXCEPCIONAIS DE NOVA BANDEIRANTES;APAE DE NOVA BANDEIRANTES;apae;MT;;748;0821;32257-9
01979904000173;ASSOCIACAO DE PAIS E AMIGOS DOS EXCEPCIONAIS DE NOVA OLINDA;APAE DE NOVA OLINDA;apae;TO;;001;0638-6;53694-6
41041701000156;ASSOCIACAO DE PAIS E AMIGOS DOS EXCEPCIONAIS DE NOVA SANTA HELENA;APAE DE NOVA SANTA HELENA;apae;MT;;748;0818;24921-5
86865110000131;ASSOCIACAO DE PAIS E AMIGOS DOS EXCEPCIONAIS DE NOVA XAVANTINA;APAE DE NOVA XAVANTINA;apae;MT;;748;0806;40990-5
12185347000135;ASSOCIACAO DE PAIS E AMIGOS DOS EXCEPCIONAIS DE NOVO ORIENTE;APAE DE NOVO ORIENTE;apae;CE;;001;1296-3;17794-6
03440672000106;ASSOCIACAO DE PAIS E AMIGOS DOS EXCEPCIONAIS DE OROS;APAE DE OROS;apae;CE;;001;0956-3;5764-9
07261066000184;ASSOCIACAO DE PAIS E AMIGOS DOS EXCEPCIONAIS DE OURILANDIA DO NORTE;APAE DE OURILANDIA DO NORTE;apae;PA;;748;0804;26191-3
25097358000105;ASSOCIACAO DE PAIS E AMIGOS DOS EXCEPCIONAIS DE PALMARES;APAE DE PALMARES;apae;PE;;001;0115-5;49020-2
27915486000144;ASSOCIACAO DE PAIS E AMIGOS DOS EXCEPCIONAIS DE PALMEIRA DOS INDIOS;APAE DE PALMEIRA DOS INDIOS;apae;AL;;104;2047;4861-1
73974495000123;ASSOCIACAO DE PAIS E AMIGOS DOS EXCEPCIONAIS DE PARAISO DO TOCANTINS;APAE DE PARAISO DO TOCANTINS;apae;TO;;001;0804-4;54916-9
01454464000130;ASSOCIACAO DE PAIS E AMIGOS DOS EXCEPCIONAIS DE PARAUAPEBAS;APAE DE PARAUAPEBAS;apae;PA;;001;3245-X;200155-1
77130953000107;ASSOCIACAO DE PAIS E AMIGOS DOS EXCEPCIONAIS DE PATO BRANCO;APAE DE PATO BRANCO;apae;PR;;001;8563-4;581-9
17835364000194;ASSOCIACAO DE PAIS E AMIGOS DOS EXCEPCIONAIS DE PATOS DE MINAS;APAE DE PATOS DE MINAS;apae;MG;;001;0190-0;75336-X
17839937000158;ASSOCIACAO DE PAIS E AMIGOS DOS EXCEPCIONAIS DE PATROCINIO;APAE DE PATROCINIO;apae;MG;;104;143-0;739026147-2
42934530000157;ASSOCIACAO DE PAIS E AMIGOS DOS EXCEPCIONAIS DE PAUINI;APAE DE PAUINI;apae;AM;;237;5043;00067776
01726258000132;ASSOCIACAO DE PAIS E AMIGOS DOS EXCEPCIONAIS DE PEDRA PRETA;APAE DE PEDRA PRETA;apae;MT;;001;2024-6;30118-3
37466240000196;ASSOCIACAO DE PAIS E AMIGOS DOS EXCEPCIONAIS DE PEIXOTO DE AZEVEDO;APAE DE PEIXOTO DE AZEVEDO;apae;MT;;748;0818;63681-9
26034918000145;ASSOCIACAO DE PAIS E AMIGOS DOS EXCEPCIONAIS DE PERDIZES;APAE DE PERDIZES;apae;MG;;001;13323;26653-1
35443738000108;ASSOCIACAO DE PAIS E AMIGOS DOS EXCEPCIONAIS DE PETROLINA;APAE DE PETROLINA;apae;PE;;001;0963-6;89793-0
07047240000190;ASSOCIACAO DE PAIS E AMIGOS DOS EXCEPCIONAIS DE PIQUET CARNEIRO;APAE DE PIQUET CARNEIRO;apae;CE;;237;0720-0;1258-0
80057755000161;ASSOCIACAO DE PAIS E AMIGOS DOS EXCEPCIONAIS DE PIRAI DO SUL;APAE DE PIRAI DO SUL;apae;PR;;001;1355-2;21118-4
28552141000136;ASSOCIACAO DE PAIS E AMIGOS DOS EXCEPCIONAIS DE PLACIDO DE CASTRO;APAE DE PLACIDO DE CASTRO;apae;AC;;001;4023-1;14554-8
03687829000100;ASSOCIACAO DE PAIS E AMIGOS DOS EXCEPCIONAIS DE POCONE;APAE DE POCONE;apae;MT;;001;0662-9;13657-3
37465622000103;ASSOCIACAO DE PAIS E AMIGOS DOS EXCEPCIONAIS DE PONTES LACERDA;APAE DE PONTES LACERDA;apae;MT;;001;2480-5;17497-1
41715410000104;ASSOCIACAO DE PAIS E AMIGOS DOS EXCEPCIONAIS DE PORTO ACRE;APAE DE PORTO ACRE;apae;AC;;104;3423;577519234-2
18475731000159;ASSOCIACAO DE PAIS E AMIGOS DOS EXCEPCIONAIS DE PRATA;APAE DE PRATA;apae;MG;;001;0650-5;11298-4
01517298000174;ASSOCIACAO DE PAIS E AMIGOS DOS EXCEPCIONAIS DE PRESIDENTE OLEGARIO;APAE DE PRESIDENTE OLEGARIO;apae;MG;;001;1333-1;23330-7
33052754000144;ASSOCIACAO DE PAIS E AMIGOS DOS EXCEPCIONAIS DE PRIMAVERA DO LESTE;APAE DE PRIMAVERA DO LESTE;apae;MT;;001;5782-7;9847-7
26608107000100;ASSOCIACAO DE PAIS E AMIGOS DOS EXCEPCIONAIS DE QUEIMADAS;APAE DE QUEIMADAS;apae;PB;;001;2508-9;27404-6
06282398000182;ASSOCIACAO DE PAIS E AMIGOS DOS EXCEPCIONAIS DE QUERENCIA;APAE DE QUERENCIA;apae;MT;;748;0806;29916-6
78114758000148;ASSOCIACAO DE PAIS E AMIGOS DOS EXCEPCIONAIS DE REALEZA;APAE DE REALEZA;apae;PR;;001;2514-3;22434-0
11024940000137;ASSOCIACAO DE PAIS E AMIGOS DOS EXCEPCIONAIS DE RECIFE;APAE DE RECIFE;apae;PE;;001;0007-8;10651-8
02226859000149;ASSOCIACAO DE PAIS E AMIGOS DOS EXCEPCIONAIS DE REDENCAO;APAE DE REDENCAO;apae;PA;;001;2517-8;43255-5
01487427000129;ASSOCIACAO DE PAIS E AMIGOS DOS EXCEPCIONAIS DE RESERVA;APAE DE RESERVA;apae;PR;;001;2523-2;13394-9
04650184000196;ASSOCIACAO DE PAIS E AMIGOS DOS EXCEPCIONAIS DE RIACHAO DO JACUIPE;APAE DE RIACHAO DO JACUIPE;apae;BA;;001;0684-X;43256-3
49092008000114;ASSOCIACAO DE PAIS E AMIGOS DOS EXCEPCIONAIS DE RIACHO DAS ALMAS;APAE DE RIACHO DAS ALMAS;apae;PE;;748;2206;28617-6
78046265000118;ASSOCIACAO DE PAIS E AMIGOS DOS EXCEPCIONAIS DE RIO AZUL;APAE DE RIO AZUL;apae;PR;;001;4787-2;19060-8
04518502000160;ASSOCIACAO DE PAIS E AMIGOS DOS EXCEPCIONAIS DE RIO BRANCO;APAE DE RIO BRANCO;apae;AC;;001;3022-8;80204-2
03558974000183;ASSOCIACAO DE PAIS E AMIGOS DOS EXCEPCIONAIS DE RIO NEGRO;APAE DE RIO NEGRO;apae;PR;;001;2543-7;39050-X
03509276000198;ASSOCIACAO DE PAIS E AMIGOS DOS EXCEPCIONAIS DE RONDON DO PARA;APAE DE RONDON DO PARA;apae;PA;;756;4345;46902-5
03940889000185;ASSOCIACAO DE PAIS E AMIGOS DOS EXCEPCIONAIS DE RONDONOPOLIS;APAE DE RONDONOPOLIS;apae;MT;;001;0551-7;118769-4
24977910000197;ASSOCIACAO DE PAIS E AMIGOS DOS EXCEPCIONAIS DE ROSARIO OESTE;APAE DE ROSARIO OESTE;apae;MT;;748;0810-0;4119-0
08691213000119;ASSOCIACAO DE PAIS E AMIGOS DOS EXCEPCIONAIS DE RUSSAS;APAE DE RUSSAS;apae;CE;;104;0755-2;1937-2
17807751000117;ASSOCIACAO DE PAIS E AMIGOS DOS EXCEPCIONAIS DE SACRAMENTO;APAE DE SACRAMENTO;apae;MG;;756;3165;4525-0
14814468000124;ASSOCIACAO DE PAIS E AMIGOS DOS EXCEPCIONAIS DE SAIRE;APAE DE SAIRE;apae;PE;;001;2559-3;13833-9
35446061000161;ASSOCIACAO DE PAIS E AMIGOS DOS EXCEPCIONAIS DE SALGUEIRO;APAE DE SALGUEIRO;apae;PE;;001;0870-2;43123-0
04133877000101;ASSOCIACAO DE PAIS E AMIGOS DOS EXCEPCIONAIS DE SANTA CRUZ;APAE DE SANTA CRUZ;apae;RN;;104;0806;738982836-7
77820181000127;ASSOCIACAO DE PAIS E AMIGOS DOS EXCEPCIONAIS DE SANTA HELENA;APAE DE SANTA HELENA;apae;PR;;001;8551-0;881-8
78114907000179;ASSOCIACAO DE PAIS E AMIGOS DOS EXCEPCIONAIS DE SANTA IZABEL DO OESTE;APAE DE SANTA IZABEL DO OESTE;apae;PR;;001;2579-8;29393-8
63103311000104;ASSOCIACAO DE PAIS E AMIGOS DOS EXCEPCIONAIS DE SANTA LUZ;APAE DE SANTA LUZ;apae;BA;;001;1130-4;5452-6
01882929000154;ASSOCIACAO DE PAIS E AMIGOS DOS EXCEPCIONAIS DE SANTA LUZIA;APAE DE SANTA LUZIA;apae;PB;;001;1127-4;22571-1
08608291000107;ASSOCIACAO DE PAIS E AMIGOS DOS EXCEPCIONAIS DE SANTA RITA;APAE DE SANTA RITA;apae;PB;;001;1268-8;15300-1
23096506000141;ASSOCIACAO DE PAIS E AMIGOS DOS EXCEPCIONAIS DE SANTA VITORIA;APAE DE SANTA VITORIA;apae;MG;;001;2593-3;20432-3
09562358000182;ASSOCIACAO DE PAIS E AMIGOS DOS EXCEPCIONAIS DE SANTANA DO ARAGUAIA;APAE DE SANTANA DO ARAGUAIA;apae;PA;;748;0804;15602-1
05407390000132;ASSOCIACAO DE PAIS E AMIGOS DOS EXCEPCIONAIS DE SANTAREM;APAE DE SANTAREM;apae;PA;;001;0130-9;95908-1
03640542000117;ASSOCIACAO DE PAIS E AMIGOS DOS EXCEPCIONAIS DE SANTO AMARO;APAE DE SANTO AMARO;apae;BA;;001;0059-0;44556-8
07985946000101;ASSOCIACAO DE PAIS E AMIGOS DOS EXCEPCIONAIS DE SANTO ESTEVAO;APAE DE SANTO ESTEVAO;apae;BA;;001;1133-9;43718-2
30700372000191;ASSOCIACAO DE PAIS E AMIGOS DOS EXCEPCIONAIS DE SAO FELIX DO XINGU;APAE DE SAO FELIX DO XINGU;apae;PA;;037;0121-1;795640-1
08176228000149;ASSOCIACAO DE PAIS E AMIGOS DOS EXCEPCIONAIS DE SAO GERALDO DO ARAGUAIA;APAE DE SAO GERALDO DO ARAGUAIA;apae;PA;;748;0804;16004-2
05432079000143;ASSOCIACAO DE PAIS E AMIGOS DOS EXCEPCIONAIS DE SAO JOAO DO RIO DO PEIXE;APAE DE SAO JOAO DO RIO DO PEIXE;apae;PB;;001;1449-4;18334-2
24977431000170;ASSOCIACAO DE PAIS E AMIGOS DOS EXCEPCIONAIS DE SAO JOSE DO RIO CLARO;APAE DE SAO JOSE DO RIO CLARO;apae;MT;;748;0810;55038-8
24988651000108;ASSOCIACAO DE PAIS E AMIGOS DOS EXCEPCIONAIS DE SAO JOSE DOS QUATRO MARCOS;APAE DE SAO JOSE DOS QUATRO MARCOS;apae;MT;;001;2505-4;24533-0
55320977000188;ASSOCIACAO DE PAIS E AMIGOS DOS EXCEPCIONAIS DE SAO MIGUEL DOS CAMPOS;APAE DE SAO MIGUEL DOS CAMPOS;apae;AL;;104;2047;578135113-9
04415860000147;ASSOCIACAO DE PAIS E AMIGOS DOS EXCEPCIONAIS DE SAPEZAL;APAE DE SAPEZAL;apae;MT;;748;0804;86412
01392357000125;ASSOCIACAO DE PAIS E AMIGOS DOS EXCEPCIONAIS DE SAUDADE DO IGUACU;APAE DE SAUDADE DO IGUACU;apae;PR;;001;0842-7;23754-X
13152044000189;ASSOCIACAO DE PAIS E AMIGOS DOS EXCEPCIONAIS DE SENA MADUREIRA;APAE DE SENA MADUREIRA;apae;AC;;001;1279-3;15700-7
04107897000108;ASSOCIACAO DE PAIS E AMIGOS DOS EXCEPCIONAIS DE SENADOR GUIOMARD;APAE DE SENADOR GUIOMARD;apae;AC;;104;3706;577936382-6
30071901000135;ASSOCIACAO DE PAIS E AMIGOS DOS EXCEPCIONAIS DE SENHOR DO BONFIM;APAE DE SENHOR DO BONFIM;apae;BA;;001;228-3;48271-4
04525311000125;ASSOCIACAO DE PAIS E AMIGOS DOS EXCEPCIONAIS DE SERRA BRANCA;APAE DE SERRA BRANCA;apae;PB;;001;1144-4;28993-0
02469191000160;ASSOCIACAO DE PAIS E AMIGOS DOS EXCEPCIONAIS DE SERRA DO SALITRE;APAE DE SERRA DO SALITRE;apae;MG;;001;4419-9;9482-X
01986023000180;ASSOCIACAO DE PAIS E AMIGOS DOS EXCEPCIONAIS DE SERRA TALHADA;APAE DE SERRA TALHADA;apae;PE;;001;0246-1;37649-3
00179465000151;ASSOCIACAO DE PAIS E AMIGOS DOS EXCEPCIONAIS DE SINOP;APAE DE SINOP;apae;MT;;748;0812;94198-5
35048446000170;ASSOCIACAO DE PAIS E AMIGOS DOS EXCEPCIONAIS DE SOBRAL;APAE DE SOBRAL;apae;CE;;001;4272-2;28260-X
32944357000114;ASSOCIACAO DE PAIS E AMIGOS DOS EXCEPCIONAIS DE SORRISO;APAE DE SORRISO;apae;MT;;001;1917-8;18016-5
01998591000109;ASSOCIACAO DE PAIS E AMIGOS DOS EXCEPCIONAIS DE SULINA;APAE DE SULINA;apae;PR;;001;0842-7;17127-1
27818161000143;ASSOCIACAO DE PAIS E AMIGOS DOS EXCEPCIONAIS DE SURUBIM;APAE DE SURUBIM;apae;PE;;001;0582-7;54072-2
20006460000134;ASSOCIACAO DE PAIS E AMIGOS DOS EXCEPCIONAIS DE TABATINGA;APAE DE TABATINGA;apae;AM;;104;3196-3;00001722-1
03954104000123;ASSOCIACAO DE PAIS E AMIGOS DOS EXCEPCIONAIS DE TANGARA DA SERRA;APAE DE TANGARA DA SERRA;apae;MT;;001;7138--2;40131-5
05702250000197;ASSOCIACAO DE PAIS E AMIGOS DOS EXCEPCIONAIS DE TAPURAH;APAE DE TAPURAH;apae;MT;;748;0810;85089-6
46945635000162;ASSOCIACAO DE PAIS E AMIGOS DOS EXCEPCIONAIS DE TARAUACA;APAE DE TARAUACA;apae;AC;;748;805;94765-8
06111767000174;ASSOCIACAO DE PAIS E AMIGOS DOS EXCEPCIONAIS DE TAUA;APAE DE TAUA;apae;CE;;001;1155-X;57234-9
00838531000158;ASSOCIACAO DE PAIS E AMIGOS DOS EXCEPCIONAIS DE TEFE;APAE DE TEFE;apae;AM;;001;0577-0;56880-5
00650858000100;ASSOCIACAO DE PAIS E AMIGOS DOS EXCEPCIONAIS DE TERRA NOVA DO NORTE;APAE DE TERRA NOVA DO NORTE;apae;MT;;001;38636;183970
77806925000159;ASSOCIACAO DE PAIS E AMIGOS DOS EXCEPCIONAIS DE TERRA ROXA;APAE DE TERRA ROXA;apae;PR;;001;2721-9;13607-7
09085263000115;ASSOCIACAO DE PAIS E AMIGOS DOS EXCEPCIONAIS DE TOME-ACU;APAE DE TOME-ACU;apae;PA;;001;0878-8;31679-2
28470155000100;ASSOCIACAO DE PAIS E AMIGOS DOS EXCEPCIONAIS DE TORITAMA;APAE DE TORITAMA;apae;PE;;001;4637-0;15070-3
02722514000186;ASSOCIACAO DE PAIS E AMIGOS DOS EXCEPCIONAIS DE TRES BARRAS DO PARANA;APAE DE TRES BARRAS DO PARANA;apae;PR;;001;4788-0;14430-4
83377721000142;ASSOCIACAO DE PAIS E AMIGOS DOS EXCEPCIONAIS DE TUCURUI;APAE DE TUCURUI;apae;PA;;001;1161-4;50736-9
23098924000178;ASSOCIACAO DE PAIS E AMIGOS DOS EXCEPCIONAIS DE TUPACIGUARA;APAE DE TUPACIGUARA;apae;MG;;001;0398-0;100000-4
17777376000100;ASSOCIACAO DE PAIS E AMIGOS DOS EXCEPCIONAIS DE UBERABA;APAE DE UBERABA;apae;MG;;104;6375;577565162-2
17789991000136;ASSOCIACAO DE PAIS E AMIGOS DOS EXCEPCIONAIS DE UBERLANDIA;APAE DE UBERLANDIA;apae;MG;;104;01537;577553418-9
77845287000185;ASSOCIACAO DE PAIS E AMIGOS DOS EXCEPCIONAIS DE UBIRATA;APAE DE UBIRATA;apae;PR;;001;0747-1;25195-X
03515536000138;ASSOCIACAO DE PAIS E AMIGOS DOS EXCEPCIONAIS DE UIRAUNA;APAE DE UIRAUNA;apae;PB;;001;1165-7;35792-8
78187085000156;ASSOCIACAO DE PAIS E AMIGOS DOS EXCEPCIONAIS DE UMUARAMA;APAE DE UMUARAMA;apae;PR;;001;0645-9;37120-3
40769009000186;ASSOCIACAO DE PAIS E AMIGOS DOS EXCEPCIONAIS DE VALENCA;APAE DE VALENCA;apae;BA;;104;0078;00002988-2
28973835000147;ASSOCIACAO DE PAIS E AMIGOS DOS EXCEPCIONAIS DE VARJOTA;APAE DE VARJOTA;apae;CE;;001;2521-6;20031-0
12478475000177;ASSOCIACAO DE PAIS E AMIGOS DOS EXCEPCIONAIS DE VARZEA ALEGRE;APAE DE VARZEA ALEGRE;apae;CE;;001;1169-X;23422-2
02337414000136;ASSOCIACAO DE PAIS E AMIGOS DOS EXCEPCIONAIS DE VERA;APAE DE VERA;apae;MT;;748;812;87704-5
81272981000128;ASSOCIACAO DE PAIS E AMIGOS DOS EXCEPCIONAIS DE VERA CRUZ DO OESTE;APAE DE VERA CRUZ DO OESTE;apae;PR;;001;3632-3;18551-5
14376362000196;ASSOCIACAO DE PAIS E AMIGOS DOS EXCEPCIONAIS DE VITORIA DA CONQUISTA;APAE DE VITORIA DA CONQUISTA;apae;BA;;001;7124-2;5396-1
00643692000196;ASSOCIACAO DE PAIS E AMIGOS DOS EXCEPCIONAIS DO DISTRITO FEDERAL;APAE DO DISTRITO FEDERAL;apae;DF;;001;2727-8;140250-1
46473126000184;ASSOCIACAO DOS PAIS E AMIGOS DOS EXCEPCIONAIS DE ANAPU;ASSOCIACAO DOS PAIS E AMIGOS DOS EXCEPCIONAIS DE ANAPU;apae;PA;;403;0001;2518021-8
03319660000128;ASSOCIACAO DE PAIS, AMIGOS E PESSOAS COM SINDROME DE DOWN DO ESPIRITO SANTO;COIRMA VITORIA DOWN;outra;ES;;021;083;3373445-0
46743439000105;FEDERACAO DAS APAES DO ESTADO DO ACRE;FEAPAES ACRE;federacao;AC;;756;5038-5;111823-4
25957287000173;FEDERACAO DAS APAES DO ESTADO DE ALAGOAS;FEAPAES ALAGOAS;federacao;AL;;104;2047;4549-3
35957966000104;FEDERACAO DAS APAES DO ESTADO DO AMAPA;FEAPAES AMAPA;federacao;AP;;001;4544-6;64920-1
01349577000176;FEDERACAO DAS APAES DO ESTADO DO AMAZONAS;FEAPAES AMAZONAS;federacao;AM;;001;1862-7;53779-9
00584572000165;FEDERACAO DAS APAES DO ESTADO DA BAHIA;FEAPAES BAHIA;federacao;BA;;748;0903;55731-1
00675817000160;FEDERACAO DAS APAES DO ESTADO DO CEARA;FEAPAES CEARA;federacao;CE;;001;2017-3;213083-1
03072128000159;FEDERACAO DAS APAES DO ESTADO DA PARAIBA;FEAPAES DA PARAIBA;federacao;PB;;001;1634-9;34857-0
01156276000126;FEDERACAO DAS APAES DO ESTADO DE PERNAMBUCO;FEAPAES DE PERNAMBUCO;federacao;PE;;001;0196-1;20554-0
95815635000153;FEDERACAO DAS APAES DO ESTADO DE SANTA CATARINA;FEAPAES DE SANTA CATARINA;federacao;SC;;001;3174-7;107777-5
01733986000171;FEDERACAO DAS APAES DO ESTADO DO MATO GROSSO;FEAPAES DO MATO GROSSO;federacao;MT;;001;2128-8;26322-2
00637112000158;FEDERACAO DAS APAES DO ESTADO DO MATO GROSSO DO SUL;FEAPAES DO MATO GROSSO DO SUL;federacao;MS;;001;5807-6;844-3
01280707000161;FEDERACAO DAS APAES DO ESTADO DO PARA;FEAPAES DO PARA;federacao;PA;;001;2946-7;59203-X
00106307000171;FEDERACAO DAS APAES DO ESTADO DO PARANA;FEAPAES DO PARANA;federacao;PR;;001;1534-2;34021-9
00073630000196;FEDERACAO DAS APAES DO ESTADO DO PIAUI;FEAPAES DO PIAUI;federacao;PI;;104;1607;3609-6
73650095000162;FEDERACAO DAS APAES DO ESTADO DO RIO DE JANEIRO;FEAPAES DO RIO DE JANEIRO;federacao;RJ;;104;6384;571386045-7
01136051000108;FEDERACAO DAS APAES DO ESTADO DO TOCANTINS;FEAPAES DO TOCANTINS;federacao;TO;;001;1867-8;128392-8
00396100000189;FEDERACAO DAS APAES DO ESTADO DE GOIAS;FEAPAES GOIAS;federacao;GO;;756;5004;113790-5
00878104000101;FEDERACAO DAS APAES DO ESTADO DO MARANHAO;FEAPAES MARANHAO;federacao;MA;;001;020-5;159332-3
38520425000102;FEDERACAO DAS APAES DO ESTADO DE MINAS GERAIS;FEAPAES MINAS GERAIS;federacao;MG;;001;1629-2;52509-X
00927613000179;FEDERACAO DAS APAES DO ESTADO DO RIO GRANDE DO NORTE;FEAPAES RIO GRANDE DO NORTE;federacao;RN;;001;0128-7;48961-1
07892683000188;FEDERACAO DAS APAES DO ESTADO DE SERGIPE;FEAPAES SERGIPE;federacao;SE;;104;2448;577534638-2